id,first_name,last_name,email,gender,artist_ids,friends
1,Urbanus,Papez,upapez0@1688.com,Male,"[1965, 1476, 795]","[28, 38, 126, 170, 121]"
2,Preston,Ianizzi,pianizzi1@seattletimes.com,Male,"[134, 1436, 1186, 1349]","[82, 37, 173, 134, 79, 53, 11, 22, 93, 155, 147, 72, 146]"
3,Merrili,Addie,maddie2@bandcamp.com,Female,"[518, 988, 808, 1112, 660, 775]","[95, 17, 21, 179, 79, 127, 110, 131, 20, 6, 78, 54]"
4,Marchelle,Insull,minsull3@list-manage.com,Female,"[1945, 469, 1715, 1818]","[84, 98, 109, 7, 80, 151, 106, 76, 69, 50, 124, 73, 170, 108, 118]"
5,Faina,Kilrow,fkilrow4@yale.edu,Female,"[1898, 1059, 283, 1086, 1957]","[130, 26, 66, 55, 148, 177]"
6,Mallory,Stanyforth,mstanyforth5@skyrock.com,Polygender,"[596, 1673, 191, 153, 1266]","[134, 150, 157, 121, 23, 55, 80, 138, 34, 8, 91, 74]"
7,Patton,Portinari,pportinari6@flickr.com,Male,"[1455, 1982, 691, 358, 181]","[151, 16, 61, 70, 165]"
8,Dani,Leebeter,dleebeter7@timesonline.co.uk,Female,"[292, 768, 1004, 34]","[69, 163, 35, 13, 89, 94, 178, 179, 141, 42]"
9,Elianora,Ebbs,eebbs8@china.com.cn,Genderqueer,"[621, 696, 1551, 943, 590]","[37, 12, 168, 174, 117, 39, 106, 164, 115, 82, 105, 148]"
10,Guillermo,Dyos,gdyos9@deliciousdays.com,Agender,"[958, 1768]","[33, 1, 105, 85, 65, 143, 172, 141]"
11,Dorri,Geleman,dgelemana@alexa.com,Female,"[2023, 1990, 1044, 1535, 444]","[5, 55, 33, 89, 118, 19, 7]"
12,Etta,Leyman,eleymanb@163.com,Female,"[68, 1378, 1886, 899, 395, 886]","[68, 14, 152, 25, 167, 118, 160, 4, 165, 47, 63]"
13,Weidar,Bagster,wbagsterc@sakura.ne.jp,Male,"[710, 1936]","[32, 170, 175, 95, 41, 172, 157, 7]"
14,Madelina,Turner,mturnerd@tmall.com,Female,"[1555, 363, 1206, 1691, 1137, 653]","[68, 16, 115, 84, 162, 77, 161, 60, 33, 73, 3, 129, 170]"
15,Martguerita,MacCauley,mmaccauleye@businesswire.com,Female,"[302, 8, 979, 243, 1024, 1511, 1754]","[168, 107, 115, 5, 131, 71, 59, 37, 89, 1, 150, 138, 122, 167]"
16,Nollie,Dartan,ndartanf@ebay.co.uk,Female,"[1905, 1361, 2071, 1537, 1153, 278]","[153, 139, 157, 156, 15, 85, 43, 179]"
17,Auria,Flohard,aflohardg@amazon.com,Female,"[684, 922, 1502]","[167, 64, 23, 105, 49, 128, 164, 51, 84, 175, 145, 149, 96, 13]"
18,Corliss,Ridler,cridlerh@psu.edu,Female,"[165, 652]","[99, 57, 134, 151, 144, 20, 173, 159, 176, 111, 163, 150, 61, 40, 149]"
19,Jo,Denyukhin,jdenyukhini@moonfruit.com,Female,"[311, 1338, 1680, 1792]","[147, 34, 18, 36, 151, 117, 131, 89, 169, 156, 8, 165, 55, 71]"
20,Oran,Sweeting,osweetingj@dion.ne.jp,Male,"[885, 137, 1452, 997, 1507]","[14, 154, 83, 2, 58, 19, 148, 92, 88, 84, 140, 172]"
21,Fletch,Treven,ftrevenk@ameblo.jp,Male,"[1940, 1317, 286, 742]","[33, 122, 97, 120, 14, 175, 90, 113, 144, 118]"
22,Haven,Probin,hprobinl@redcross.org,Male,"[1196, 799, 446, 1998, 1252, 1700]","[117, 81, 143, 118, 89, 121, 177, 116]"
23,Dolly,Treske,dtreskem@hao123.com,Female,"[680, 681, 1261, 469, 1056]","[118, 117, 100, 175, 8, 61, 60]"
24,Catlaina,Barkaway,cbarkawayn@t.co,Female,"[1013, 1748, 830, 538, 370, 946, 2084]","[120, 166, 86, 51, 26, 2, 89, 95, 127, 134, 5]"
25,Bianca,Ceci,bcecio@google.com.au,Female,"[1943, 2031, 516, 18, 847, 557]","[45, 4, 48, 81, 14, 69, 118, 73, 145]"
26,Xylia,Deppe,xdeppep@washington.edu,Female,"[582, 1326, 605, 1055]","[90, 132, 119, 124]"
27,Zollie,Sleeford,zsleefordq@ameblo.jp,Male,"[1971, 622, 1410, 1278, 1943]","[126, 155, 21, 100, 53, 50, 166, 133, 35, 24, 168]"
28,Yolanthe,Sexty,ysextyr@w3.org,Bigender,"[66, 541, 64]","[39, 109, 49, 160, 146, 88, 116, 26, 19]"
29,Iolande,Chooter,ichooters@house.gov,Female,"[1923, 614]","[100, 23, 88, 53, 87, 15, 116, 19, 165]"
30,Elijah,Glandfield,eglandfieldt@cmu.edu,Male,"[719, 638, 379, 1607]","[110, 46, 47, 121, 59, 145, 81]"
31,Lauritz,Melsom,lmelsomu@amazon.co.jp,Male,"[407, 1311, 1370, 897, 1946, 352]","[64, 86, 5, 139, 24, 156, 89]"
32,Annadiana,Fruchon,afruchonv@amazon.co.uk,Female,"[2005, 1002, 749, 2047, 961, 1982, 1343]","[64, 147, 77, 25, 21, 98, 163, 124, 139, 53, 122, 38, 59, 18, 142]"
33,Damara,Rickerd,drickerdw@europa.eu,Female,"[1900, 2026]","[66, 76, 179, 47, 157, 37, 36, 93]"
34,Marrissa,Canland,mcanlandx@hugedomains.com,Agender,"[68, 1757, 1818, 1412, 468, 1231]","[115, 84, 133, 108, 178, 19, 143, 18, 79, 25, 125, 1, 94, 171]"
35,Urbanus,Dubois,uduboisy@google.fr,Male,"[2056, 317, 1119, 168, 598]","[47, 152, 126, 97, 99, 129, 124, 49, 127, 92]"
36,Othilie,Mapstone,omapstonez@miitbeian.gov.cn,Female,"[2002, 400, 757, 906, 1701]","[28, 180, 172, 65, 128, 62]"
37,Ethelind,Seabourne,eseabourne10@gov.uk,Female,"[1184, 311, 927]","[66, 23, 126, 123, 169, 47, 161, 68]"
38,Leanna,Dixson,ldixson11@fema.gov,Female,"[26, 685, 1029, 936, 1878, 1461]","[167, 159, 173, 37, 27, 41, 10, 3, 26, 88, 114]"
39,Mohammed,Cockrell,mcockrell12@flavors.me,Male,"[1454, 959, 1012, 804, 602, 301]","[153, 174, 35, 64, 103, 156, 116, 67, 130, 75]"
40,Leta,Kaysor,lkaysor13@redcross.org,Female,"[268, 870, 2089, 722, 394, 415]","[63, 117, 104, 23, 155, 137, 74, 25, 125, 51, 46, 42, 176]"
41,Lesli,Maudlen,lmaudlen14@bizjournals.com,Female,"[366, 1257, 2011]","[141, 60, 119, 33, 68, 44, 27]"
42,Maurita,Lamplugh,mlamplugh15@archive.org,Female,"[875, 913, 1724, 115]","[141, 80, 179, 18, 148, 8, 116, 119, 16, 27, 147, 114, 105, 39]"
43,Corabella,Dancer,cdancer16@amazon.com,Female,"[931, 1426, 134, 1177, 1971, 839, 1342]","[88, 108, 24, 71, 101, 67, 22, 173, 145, 60, 7]"
44,Alfonse,Skeete,askeete17@w3.org,Male,"[809, 864, 1070, 1458, 346, 1131]","[144, 160, 175, 113, 154, 18, 70, 43, 97, 52, 98, 66, 85, 125]"
45,Rafael,Petrelli,rpetrelli18@hatena.ne.jp,Male,"[1202, 1796, 1988]","[9, 162, 117, 171, 90, 105]"
46,Rolfe,Bryden,rbryden19@smugmug.com,Male,"[1334, 257, 1970, 1555]","[149, 18, 87, 88, 114, 128, 77]"
47,Nat,Iacoviello,niacoviello1a@clickbank.net,Female,"[870, 880, 1067, 1894]","[27, 63, 54, 120, 67, 171, 24, 137, 97, 29, 96, 23]"
48,Emmi,Worrall,eworrall1b@disqus.com,Female,"[593, 1014, 1204]","[171, 105, 15, 69, 40]"
49,Zaneta,O'Cridigan,zocridigan1c@wikimedia.org,Female,"[1724, 2052]","[106, 52, 159, 126, 39, 158, 109, 60, 179]"
50,Shelley,Brock,sbrock1d@simplemachines.org,Male,"[1268, 1962, 783, 742, 1239, 800, 246]","[91, 59, 35, 33, 44, 141]"
51,Bobette,Teulier,bteulier1e@google.co.jp,Female,"[696, 609, 2064, 1222, 732]","[155, 114, 28, 150, 180, 120, 26, 132, 110, 55, 18, 98, 54, 94, 115]"
52,Shaun,Brabon,sbrabon1f@marketwatch.com,Female,"[1755, 278, 192, 1105, 1856, 460, 1358]","[75, 176, 16, 161, 92]"
53,Cherie,Renbold,crenbold1g@slashdot.org,Female,"[1300, 812, 1262]","[65, 127, 26, 157, 39, 77, 30, 38]"
54,Roley,Seaward,rseaward1h@youtu.be,Male,"[1457, 1808, 1175, 1638, 79, 316]","[159, 80, 124, 144, 157, 132, 163, 22, 148, 40, 109]"
55,Rogers,Toner,rtoner1i@tinypic.com,Male,"[1306, 2001, 1968, 1841, 278, 1275]","[91, 51, 7, 71, 22, 79, 62, 26, 17, 151, 69, 11, 172, 109]"
56,Luciano,Jannasch,ljannasch1j@independent.co.uk,Male,"[1673, 1917]","[40, 173, 167, 100, 157, 152, 176]"
57,Shanta,Gotthard.sf,sgotthardsf1k@dyndns.org,Female,"[1111, 225, 1695, 382]","[90, 79, 31, 29, 36, 80, 72, 117, 51, 58, 142, 77, 40, 76]"
58,Danny,McPhilemy,dmcphilemy1l@devhub.com,Non-binary,"[1379, 959]","[121, 155, 176, 61, 158, 72, 40, 44, 91]"
59,Cristal,Wynett,cwynett1m@imdb.com,Female,"[1178, 1792, 1964, 2080]","[180, 38, 19, 97, 113, 58, 70, 175, 72, 178]"
60,Ruthann,Meese,rmeese1n@etsy.com,Female,"[1908, 530, 209, 1724]","[39, 23, 46, 79, 147]"
61,Lindie,Dillaway,ldillaway1o@java.com,Agender,"[1682, 1659, 1475, 1545, 74, 273]","[31, 81, 7, 151, 23, 27, 175, 56, 75, 52]"
62,Lucien,Burgane,lburgane1p@com.com,Male,"[1368, 372]","[107, 49, 81, 106, 84, 76, 159]"
63,Cullin,Gatland,cgatland1q@lulu.com,Male,"[871, 2011, 1350, 1588]","[50, 172, 169, 158, 55, 139, 59, 35, 115, 68, 141, 177, 61, 99, 151]"
64,Morty,Chadburn,mchadburn1r@wiley.com,Male,"[2066, 1886, 271, 1988, 842, 1801, 406]","[48, 100, 114, 177, 15, 28, 89, 139, 170, 84, 91, 77, 102, 169]"
65,Andrea,Cicetti,acicetti1s@nih.gov,Female,"[1197, 1812, 673, 1718]","[27, 110, 114, 108, 76]"
66,Yankee,Ughelli,yughelli1t@samsung.com,Male,"[1844, 1382, 1892, 1475, 1028, 578]","[86, 48, 179, 134, 3, 78, 1]"
67,Geoffry,MacInherney,gmacinherney1u@hibu.com,Male,"[1490, 615, 1864]","[156, 46, 171, 107, 99, 159, 40, 55, 131, 21, 36, 91, 163, 137, 34]"
68,Lizzy,Yude,lyude1v@pbs.org,Bigender,"[691, 765, 1022, 1681]","[156, 152, 130, 18, 54, 31, 20, 91, 134, 147, 162]"
69,Skylar,Buncher,sbuncher1w@hexun.com,Male,"[893, 1421, 28, 306, 756]","[4, 43, 107, 22, 163, 31, 5, 73, 141, 98, 97, 164, 32, 130]"
70,Jessalin,Ladbrooke,jladbrooke1x@mlb.com,Female,"[1588, 640]","[117, 134, 91, 50, 71, 159, 168, 163]"
71,Leighton,Huzzey,lhuzzey1y@mediafire.com,Male,"[1428, 1669]","[31, 121, 44, 58, 145, 81, 138, 73, 120, 161, 108, 30, 56, 152]"
72,Amity,Taffley,ataffley1z@macromedia.com,Female,"[494, 149, 872, 1624, 935, 1796, 1867]","[93, 174, 108, 129, 177, 59, 33, 168, 34]"
73,Lovell,Warmington,lwarmington20@gnu.org,Male,"[333, 1107]","[156, 90, 164, 173, 132, 81, 66, 11, 5, 126, 125, 154, 46, 102]"
74,Buddie,Beddis,bbeddis21@networksolutions.com,Polygender,"[273, 787, 272, 962, 845, 571]","[118, 152, 92, 42, 171, 132, 168, 121, 108, 71, 33, 24, 61, 131]"
75,Berny,Caff,bcaff22@so-net.ne.jp,Agender,"[580, 1862, 570]","[152, 140, 49, 157, 40]"
76,Gavra,Primak,gprimak23@noaa.gov,Female,"[592, 1631, 2002]","[14, 39, 175, 31, 122, 78, 95, 107, 111, 180, 30, 50, 72, 47, 126]"
77,Pebrook,Edgar,pedgar24@ow.ly,Male,"[1949, 1862, 238, 1438]","[59, 28, 33, 164, 180, 150, 108]"
78,Mozes,Havik,mhavik25@ted.com,Male,"[155, 1765, 203]","[172, 6, 113, 163, 107, 39, 21, 73]"
79,Sheffield,Lovejoy,slovejoy26@ifeng.com,Male,"[947, 1699]","[30, 165, 27, 164, 38]"
80,Jorrie,Bamblett,jbamblett27@weather.com,Female,"[2006, 1177, 1450, 1197]","[70, 153, 18, 93, 75, 174, 36]"
81,Ignaz,Janjic,ijanjic28@sciencedaily.com,Male,"[573, 163, 1457, 604, 943, 1407, 1522]","[107, 3, 49, 113, 65, 29, 98, 136, 77, 146, 52, 179, 92, 116, 62]"
82,Andrus,Licas,alicas29@lycos.com,Male,"[1810, 54, 1258, 364, 313]","[163, 178, 132, 109, 78]"
83,Levi,Stradling,lstradling2a@reuters.com,Male,"[1160, 1756, 809, 472]","[81, 62, 163, 100, 18]"
84,Dorine,Brand-Hardy,dbrandhardy2b@disqus.com,Female,"[1406, 906, 1189]","[167, 129, 57, 116, 143, 87, 31, 108]"
85,Allister,Havock,ahavock2c@tmall.com,Male,"[1157, 42, 248, 561, 1456, 981, 731]","[78, 168, 125, 154, 110]"
86,Kaye,Sarfatti,ksarfatti2d@digg.com,Female,"[1837, 561]","[117, 13, 126, 145, 50, 147, 60, 43, 98]"
87,Karin,Banford,kbanford2e@google.de,Non-binary,"[752, 173, 358, 1876]","[134, 105, 48, 83, 34, 156, 76, 174, 31, 130, 176, 133]"
88,Liana,Chevolleau,lchevolleau2f@pcworld.com,Female,"[496, 397]","[145, 148, 2, 53, 172, 168, 158, 42, 72, 120]"
89,Pepe,Ivic,pivic2g@wsj.com,Male,"[990, 1667, 1016, 753, 119]","[114, 66, 160, 110, 24, 102, 136, 115]"
90,Carmel,Geraldi,cgeraldi2h@blogger.com,Female,"[1872, 1591, 1249, 1350]","[44, 165, 178, 89, 122, 99, 94, 30, 51, 75, 4]"
91,Wang,Davitt,wdavitt2i@webs.com,Male,"[2002, 1812, 1331, 1284, 1180]","[137, 50, 61, 71, 169, 175, 114, 9, 19]"
92,Nerissa,Hamblington,nhamblington2j@wikispaces.com,Female,"[198, 1757, 1978]","[44, 32, 17, 122, 151, 45, 127, 157]"
93,Stanly,Marc,smarc2k@skyrock.com,Male,"[2038, 710, 1423]","[137, 129, 111, 136, 140, 175]"
94,Kerwin,Lornsen,klornsen2l@hostgator.com,Male,"[819, 152, 953, 1633, 783, 1008, 1768]","[102, 45, 162, 180, 98, 42, 67, 41, 52]"
95,Jere,Been,jbeen2m@buzzfeed.com,Male,"[905, 956, 1565, 551, 156]","[22, 12, 64, 36, 133, 68, 67, 18, 32, 17, 97, 76]"
96,Bernette,Abbess,babbess2n@walmart.com,Female,"[1113, 386, 1344, 1676]","[157, 119, 177, 73, 150, 39, 122, 29, 23]"
97,Orlan,Duckett,oduckett2o@e-recht24.de,Male,"[2042, 1848, 1178, 408, 1100]","[65, 153, 26, 125, 179, 17]"
98,Garth,Demongeot,gdemongeot2p@xinhuanet.com,Male,"[1420, 2068]","[38, 117, 99, 151, 82, 134, 176]"
99,Pennie,Jura,pjura2q@senate.gov,Female,"[1185, 1371, 839, 1587, 727]","[36, 94, 56, 53, 50, 100, 25, 81, 51, 15, 37, 22, 42]"
100,Nani,Ivanets,nivanets2r@wufoo.com,Non-binary,"[25, 1353]","[175, 91, 102, 159, 19, 45, 7, 71, 177, 11]"
101,Tani,Killbey,tkillbey2s@mail.ru,Female,"[712, 1600, 1556, 968, 1012]","[157, 126, 2, 36, 39, 35, 172, 14, 66, 56, 49, 168]"
102,Tedman,Plascott,tplascott2t@time.com,Male,"[14, 426, 1449, 2080, 673, 910]","[69, 103, 169, 179, 105, 9, 30, 133]"
103,Ring,Forrest,rforrest2u@ameblo.jp,Male,"[911, 1931]","[56, 169, 111, 54, 34, 25, 69, 13, 160, 145, 19, 26, 127]"
104,Josh,Toffoletto,jtoffoletto2v@adobe.com,Male,"[311, 761]","[166, 44, 69, 100, 99, 15, 82, 71, 70, 152, 10]"
105,Curr,Jaquiss,cjaquiss2w@vinaora.com,Male,"[636, 37, 1439, 1290, 1732, 1688]","[93, 86, 84, 34, 112]"
106,Marcie,Patifield,mpatifield2x@marketwatch.com,Female,"[553, 842, 1838, 1589, 1265, 985, 1167]","[48, 40, 65, 149, 174, 13, 95]"
107,Rube,Burress,rburress2y@mozilla.com,Male,"[664, 412, 4]","[159, 22, 61, 41, 106, 118]"
108,Justen,Rutley,jrutley2z@chronoengine.com,Male,"[892, 1658, 1243]","[165, 172, 92, 34, 107, 138, 110, 77, 159, 131, 151, 57, 50, 161]"
109,Noland,Taylor,ntaylor30@illinois.edu,Male,"[1147, 113, 1464, 31, 513]","[40, 96, 7, 120, 79, 143, 17, 103]"
110,Murray,de Wilde,mdewilde31@ycombinator.com,Polygender,"[100, 1507, 792]","[6, 126, 74, 35, 157, 176, 21, 68, 144]"
111,Winny,Oliver-Paull,woliverpaull32@instagram.com,Female,"[1709, 544, 752]","[68, 56, 88, 97, 95, 122, 102, 94, 3, 178, 49, 20, 171, 67]"
112,Gerri,Sivier,gsivier33@hp.com,Male,"[958, 1857, 1300, 776]","[35, 122, 28, 16, 136, 53, 131, 54, 160, 111, 178, 84]"
113,Darcie,Veljes,dveljes34@amazon.co.uk,Female,"[659, 1619, 608]","[38, 174, 54, 168, 130, 9, 84, 176, 151, 118, 172, 180, 99, 72, 170]"
114,Rudyard,Mattaus,rmattaus35@cdc.gov,Male,"[1729, 1520, 1896, 835]","[106, 147, 68, 88, 123, 9, 143, 36, 178, 98, 133]"
115,Son,Robb,srobb36@mtv.com,Male,"[1341, 699, 116, 860, 989, 1239, 596]","[50, 67, 128, 158, 113, 44, 161, 110, 80, 165, 54]"
116,Venus,Hurdidge,vhurdidge37@ox.ac.uk,Female,"[2027, 2070, 21, 1900, 427]","[151, 5, 63, 166, 88, 104, 113, 12]"
117,Bari,Doerr,bdoerr38@last.fm,Female,"[1111, 115]","[22, 66, 171, 144, 50]"
118,Hillary,Loughton,hloughton39@multiply.com,Female,"[475, 468, 1384, 959, 1474, 1555, 1466]","[125, 17, 37, 158, 151, 173, 65, 78, 102, 34, 38]"
119,Michell,Spraggs,mspraggs3a@state.tx.us,Agender,"[521, 573, 1015, 1826, 1349, 540]","[58, 19, 22, 11, 177, 91, 150, 110, 46, 168]"
120,Enrichetta,Blakeston,eblakeston3b@fda.gov,Female,"[987, 477]","[119, 154, 88, 118, 13]"
121,Roselle,Swyer,rswyer3c@is.gd,Bigender,"[1401, 1227, 1746, 1729, 50, 100]","[93, 130, 32, 139, 117, 58, 81, 51, 74, 172, 90, 133, 60, 26, 179]"
122,Gianna,Hunnybun,ghunnybun3d@europa.eu,Female,"[580, 578, 1568, 1989]","[176, 135, 12, 81, 5, 87, 102, 92, 134, 153, 72]"
123,Fredericka,Daley,fdaley3e@jiathis.com,Female,"[1425, 643, 1811, 1145]","[80, 23, 96, 95, 142, 121, 84, 146]"
124,Patty,Jacks,pjacks3f@sciencedirect.com,Female,"[1085, 1605, 1666, 909]","[100, 44, 149, 9, 122, 88, 132, 160, 15, 31, 30]"
125,Mathew,Pinkney,mpinkney3g@usnews.com,Male,"[799, 249, 706, 829, 1165, 605, 940]","[110, 169, 153, 59, 77, 81, 130, 49, 148, 16, 157]"
126,Alfie,Enrrico,aenrrico3h@theguardian.com,Non-binary,"[209, 1283, 791, 858, 828]","[163, 115, 53, 125, 48, 5, 13, 6, 31, 164, 52]"
127,Humbert,Garlant,hgarlant3i@cdbaby.com,Non-binary,"[284, 1720]","[29, 56, 105, 176, 160, 71, 22]"
128,Thedrick,Shakesby,tshakesby3j@toplist.cz,Male,"[1392, 64, 52]","[149, 89, 180, 75, 33, 61, 88, 27]"
129,Timotheus,Gavey,tgavey3k@tinyurl.com,Agender,"[1855, 1055]","[121, 123, 160, 177, 173, 70, 29, 170, 95, 71, 175, 179]"
130,Stacy,Maguire,smaguire3l@1688.com,Male,"[746, 1520, 1941]","[179, 39, 29, 10, 51, 138, 133, 123, 65, 112, 90, 3, 121, 41, 33]"
131,Kelcie,Hawlgarth,khawlgarth3m@4shared.com,Female,"[830, 249, 779, 1340, 92]","[30, 20, 145, 37, 159, 54, 156, 155, 72, 11, 22, 39, 149, 95]"
132,Rora,Peel,rpeel3n@sakura.ne.jp,Female,"[745, 101, 284, 1089, 350, 1724]","[51, 147, 159, 33, 5, 112, 152, 83, 144, 98, 127, 77]"
133,Travers,Attril,tattril3o@gravatar.com,Male,"[442, 611, 765]","[92, 3, 176, 161, 136, 115]"
134,Hatty,Heake,hheake3p@senate.gov,Female,"[2087, 1635]","[111, 171, 4, 2, 167, 77, 112]"
135,Dennie,Dinesen,ddinesen3q@gnu.org,Non-binary,"[7, 1867, 544, 1190, 18, 1473, 904]","[96, 71, 170, 94, 45, 114, 48, 169, 149, 8, 133, 101]"
136,Denver,Trowbridge,dtrowbridge3r@e-recht24.de,Male,"[35, 2049]","[114, 88, 148, 123, 90, 135, 75, 65]"
137,Konstantine,Bown,kbown3s@live.com,Male,"[1572, 759, 1579]","[11, 20, 130, 13, 111, 41, 46, 150]"
138,Willdon,Shortan,wshortan3t@newyorker.com,Male,"[23, 1286, 937, 1744, 1322, 528, 1162]","[128, 47, 121, 171, 23, 40, 59, 139, 154, 102, 26]"
139,Oby,Nutten,onutten3u@domainmarket.com,Male,"[63, 13, 1904, 1753, 1111, 3]","[49, 54, 83, 148, 45, 150, 163, 33, 74, 60, 1]"
140,Kalindi,Gonthard,kgonthard3v@about.com,Female,"[289, 1038, 1534]","[13, 179, 4, 73, 126, 18, 145, 75, 167, 91]"
141,Michaeline,McWhorter,mmcwhorter3w@apple.com,Female,"[1564, 1208, 1392, 1181, 650, 1664]","[145, 18, 31, 172, 171, 73, 14, 146, 57]"
142,Patricio,Britzius,pbritzius3x@themeforest.net,Male,"[834, 1930, 665]","[48, 79, 89, 127, 72, 177, 81]"
143,Tanitansy,Bow,tbow3y@edublogs.org,Female,"[164, 1024, 668]","[83, 133, 35, 178, 180, 91]"
144,Florida,Kippins,fkippins3z@msn.com,Female,"[139, 1753, 2054, 416, 394, 483, 80]","[114, 161, 61, 135, 106, 27, 77, 26, 112, 158, 15, 176, 47, 155, 66]"
145,Bentley,Dewing,bdewing40@berkeley.edu,Male,"[1955, 16]","[47, 158, 116, 16, 130, 75, 27, 51, 1, 34, 87]"
146,Edgard,Karpol,ekarpol41@mysql.com,Male,"[459, 451, 1354, 1831, 1667, 1815]","[10, 78, 37, 171, 45, 81, 101, 175, 118, 14]"
147,Biddy,Pavluk,bpavluk42@reference.com,Female,"[1478, 1749, 1619, 824, 2055]","[119, 9, 3, 170, 140, 113, 125, 180, 28]"
148,Maure,Charrier,mcharrier43@hao123.com,Female,"[614, 1531, 236, 304, 64]","[40, 9, 33, 75, 92, 135, 134, 62, 17]"
149,Derick,McSorley,dmcsorley44@independent.co.uk,Male,"[249, 1301, 1144]","[16, 140, 91, 66, 147, 130, 72, 142, 97, 102]"
150,Sheppard,Metson,smetson45@nsw.gov.au,Male,"[425, 681, 901, 348]","[81, 105, 58, 1, 64, 8, 177, 80, 153]"
151,Amerigo,Bewshire,abewshire46@who.int,Male,"[1426, 1899, 743, 1763]","[129, 116, 43, 73, 163, 62, 104, 9, 36, 46, 178]"
152,Modesty,Colt,mcolt47@scientificamerican.com,Non-binary,"[663, 406, 338]","[172, 16, 72, 35, 20, 168, 90, 31, 17]"
153,Phylis,Wanderschek,pwanderschek48@digg.com,Female,"[831, 709, 899, 721]","[91, 44, 81, 112, 11, 105, 167, 66, 12, 1, 2, 143, 60, 38]"
154,Genna,Swatman,gswatman49@wordpress.com,Female,"[1477, 1883, 1101, 1541, 1606, 1211, 902]","[135, 115, 7, 164, 25, 34, 46, 38, 76]"
155,Lyon,Dixcee,ldixcee4a@prnewswire.com,Male,"[878, 1740]","[18, 101, 148, 150, 167, 125, 49]"
156,Domenico,McGrill,dmcgrill4b@cdbaby.com,Male,"[126, 1188, 1901]","[126, 52, 44, 97, 174, 103, 178, 146, 115, 113, 31, 180, 107, 159, 136]"
157,Sheppard,Badcock,sbadcock4c@shop-pro.jp,Male,"[1765, 710, 1432, 1303, 123]","[126, 110, 79, 145, 147]"
158,Lydon,Goucher,lgoucher4d@google.ca,Male,"[296, 691, 222, 742, 1050, 1528]","[144, 18, 169, 136, 58, 50, 54, 47, 20]"
159,Saunders,Mapes,smapes4e@twitpic.com,Male,"[1597, 1017, 2062, 514, 471]","[13, 12, 45, 23, 118, 143, 80, 17, 99, 140, 86, 106, 89, 105, 15]"
160,Yvonne,Joontjes,yjoontjes4f@baidu.com,Non-binary,"[108, 739]","[168, 15, 135, 18, 59, 53, 32, 73, 17, 12, 169, 44, 150]"
161,Nolana,Martins,nmartins4g@hexun.com,Female,"[414, 1173]","[7, 180, 39, 54, 158, 77, 44, 30, 84, 168, 167, 2]"
162,Jerrylee,Ion,jion4h@360.cn,Genderqueer,"[2077, 1767, 1369, 148, 133, 272, 1680]","[180, 135, 75, 161, 70, 21, 169, 139, 18, 129, 164, 46, 111, 76]"
163,Shawnee,Simeoli,ssimeoli4i@ftc.gov,Female,"[12, 1548, 1363, 1652, 1643]","[57, 56, 91, 154, 89, 172, 59, 136, 30]"
164,Allard,Whybrow,awhybrow4j@php.net,Male,"[1694, 1861, 754]","[49, 68, 128, 146, 23, 139, 113, 33, 144]"
165,Parnell,Lloyds,plloyds4k@weibo.com,Male,"[968, 1378]","[160, 22, 139, 14, 147, 99, 150, 35, 101, 19]"
166,Dominick,Fallowfield,dfallowfield4l@huffingtonpost.com,Male,"[929, 557]","[80, 176, 141, 91, 4, 86, 93, 18, 75, 26, 103, 59, 56, 95]"
167,Jackie,Pavlovic,jpavlovic4m@dmoz.org,Genderqueer,"[53, 1507, 1018, 124, 317, 2087, 549]","[9, 5, 136, 44, 133, 175, 166, 107, 115, 64, 172, 17, 51, 61, 104]"
168,Willabella,O'Fallon,wofallon4n@yolasite.com,Female,"[1879, 1347, 1443, 258, 471, 1043]","[52, 125, 99, 8, 173, 96, 113, 83, 145]"
169,Scotty,Kohnemann,skohnemann4o@cargocollective.com,Male,"[1276, 1776, 1835, 1759, 1413, 1341]","[146, 18, 53, 12, 109, 50, 98, 38, 117]"
170,Flore,Schenkel,fschenkel4p@360.cn,Female,"[788, 81, 622, 91, 195, 235]","[62, 172, 37, 154, 13]"
171,Nonnah,Honatsch,nhonatsch4q@army.mil,Female,"[470, 775, 32]","[122, 27, 115, 4, 37, 20, 87]"
172,Pepe,Maryman,pmaryman4r@ox.ac.uk,Male,"[960, 864, 1041, 1019]","[1, 31, 25, 61, 44, 83, 109, 86, 122, 128, 57]"
173,Jorey,Dukes,jdukes4s@odnoklassniki.ru,Female,"[528, 1675]","[52, 80, 179, 175, 144, 61, 127, 138, 63, 72, 86, 26, 16]"
174,Maurice,Stratley,mstratley4t@dailymail.co.uk,Male,"[1350, 1238, 1860]","[7, 42, 177, 180, 164, 119, 115, 162, 30, 20]"
175,Ayn,Davidman,adavidman4u@businesswire.com,Female,"[1132, 649]","[86, 84, 153, 113, 62, 159, 9, 117, 61, 143, 25, 79, 92, 180]"
176,Constancia,Delooze,cdelooze4v@smugmug.com,Female,"[256, 1895, 1344, 1247]","[169, 66, 105, 145, 18, 59, 128, 168, 44, 102, 92, 70, 132]"
177,Kit,Witherington,kwitherington4w@google.pl,Non-binary,"[334, 839]","[108, 170, 178, 5, 88, 172, 171, 179, 41, 140, 155, 132]"
178,Ches,Baglan,cbaglan4x@oaic.gov.au,Male,"[1842, 102, 169, 678]","[114, 124, 12, 52, 130, 22]"
179,Amerigo,Sale,asale4y@geocities.jp,Male,"[1299, 2015, 1503, 1152, 2002, 739, 1684]","[132, 76, 165, 73, 145, 144, 64, 37, 92, 25, 136]"
180,Daffy,Perl,dperl4z@nba.com,Female,"[2077, 469, 689, 1519, 1143, 1931, 1941]","[106, 57, 54, 154, 133, 35, 4, 111, 108, 141, 91]"
